name,domain,org_type,ats_platform,careers_url,tenant,site,slug,wd_prefix,country
CDC Foundation,cdcfoundation.org,ngo,lever,https://www.cdcfoundation.org/jobs,,,cdcfoundation,,United States
Natural Resources Defense Council,nrdc.org,ngo,icims,https://www.nrdc.org/careers,,,,,United States
Partners in Health,pih.org,ngo,jobvite,https://www.pih.org/employment,,,,,United States
Rocky Mountain Institute,rmi.org,ngo,workday,https://rmi.org/about/careers/,rockymountain,RMI,,wd1,United States
Conservation International,conservation.org,ngo,taleo,https://www.conservation.org/conservation-international-jobs,,,,,United States
NPR,npr.org,ngo,greenhouse,https://www.npr.org/careers,,,nationalpublicradioinc,,United States
PBS,pbs.org,ngo,workday,https://www.pbs.org/about/careers/,vhr-pbs,PBSCareers,,wd5,United States
ProPublica,propublica.org,ngo,greenhouse,https://job-boards.greenhouse.io/propublica,,,propublica,,United States
MacArthur Foundation,macfound.org,ngo,workday,https://www.macfound.org/about/employment,macfound,MAC_FOUND_EXT_CAREERS,,wd1,United States
Open Society Foundations,opensocietyfoundations.org,ngo,workday,https://osfglobal.wd5.myworkdayjobs.com/en-US/OSF,osfglobal,OSF,,wd5,United States
American Enterprise Institute,aei.org,ngo,icims,https://www.aei.org/jobs/,,,,,United States
YMCA,ymca.net,ngo,icims,https://www.ymca.org/get-involved/careers,,,,,United States
Claremont Graduate University,cgu.edu,university,workday,https://www.cgu.edu/employment-opportunities/,theclaremontcolleges,CGU_Careers,,wd1,United States
Wilmington University,wilmu.edu,university,taleo,https://www.wilmu.edu/careers/,,,,,United States
Philadelphia College of Osteopathic Medicine,pcom.edu,university,workday,https://www.pcom.edu/about/departments/human-resources/career-opportunities/,pcom,External,,wd108,United States
Park University,park.edu,university,workday,https://www.park.edu/careers/,park,ParkUniversityCareers,,wd1,United States
California Baptist University,calbaptist.edu,university,bamboohr,https://calbaptist.edu/life-at-cbu/student-support-services/career-center/,,,foho,,United States
University of Mississippi Medical Center,umc.edu,university,workday,https://umc.edu/HR/Careers/Careers-Workday.html,ummc,UMCCareers,,wd5,United States
New Jersey City University,njcu.edu,university,taleo,https://www.njcu.edu/directories/offices-centers/human-resources/jobs-njcu,,,,,United States
Touro College,touro.edu,university,icims,https://www.touro.edu/careers/,,,,,United States
College of Southern Nevada,csn.edu,university,workday,https://www.csn.edu/about-us/careers,nshe,CSN-External,,wd1,United States
Columbus State University,columbusstate.edu,university,peoplesoft,https://careers.hprod.onehcm.usg.edu/psc/careers/?cmd=login&errorPg=ckreq&languageCd=ENG,,,,,United States
The College of New Jersey,tcnj.edu,university,taleo,https://careers.tcnj.edu/,,,,,United States
Abilene Christian University,acu.edu,university,workday,https://acu.wd108.myworkdayjobs.com/ACUCareers/,acu,ACUCareers,,wd108,United States
Adelphi University,adelphi.edu,university,taleo,https://www.adelphi.edu/hr/careers/,,,,,United States
Arkansas State University,astate.edu,university,taleo,https://www.astate.edu/jobs/,,,,,United States
Augsburg College,augsburg.edu,university,smartrecruiters,https://www.augsburg.edu/employment/,,,AugsburgUniversity-MinneapolisMN,,United States
Bates College,bates.edu,university,pageup,https://www.bates.edu/employment/opportunities/,,,,,United States
Berklee College of Music,berklee.edu,university,workday,https://www.berklee.edu/jobs,berklee,BerkleeCareers,,wd1,United States
Brown University,brown.edu,university,workday,https://www.brown.edu/careers,brown,staff-careers-brown,,wd5,United States
Bentley University,bentley.edu,university,workday,https://www.bentley.edu/offices/human-resources/careers,bentley,faculty,,wd503,United States
"California State University, Monterey Bay",csumb.edu,university,pageup,https://csumb.edu/hr/prospective-employees/,,,,,United States
"California State University, Northridge",csun.edu,university,pageup,https://w2.csun.edu/hr/careers,,,,,United States
Campbellsville College,campbellsville.edu,university,workday,https://www.campbellsville.edu/academics/academic-affairs/basc/career-services/employment-resources.html,campbellsville,CU,,wd1,United States
Carnegie Mellon University,cmu.edu,university,workday,https://www.cmu.edu/jobs/,cmu,CMU,,wd5,United States
Centre College,centre.edu,university,workday,https://centre.edu/about/employment-centre,centrecollege,CentreF,,wd501,United States
Chatham College,chatham.edu,university,workday,https://www.chatham.edu/work-at-chatham/,chatham,ChathamUniversity,,wd12,United States
"California State University, Long Beach",csulb.edu,university,pageup,https://careers.pageuppeople.com/873/lb/en-us/listing,,,,,United States
Colorado Mesa University,coloradomesa.edu,university,workday,https://www.coloradomesa.edu/jobs/,coloradomesa,CMUCareers,,wd501,United States
Colorado Christian University,ccu.edu,university,jobvite,https://www.ccu.edu/jobs/,,,,,United States
Coppin State University,coppin.edu,university,workday,https://marylandconnect.wd1.myworkdayjobs.com/CSU_Careers,marylandconnect,CSU_Careers,,wd1,United States
College of William and Mary,wm.edu,university,workday,https://www.wm.edu/offices/uhr/careers/,williammary,WM,,wd12,United States
Denison University,denison.edu,university,workday,https://denisonuniversity.wd12.myworkdayjobs.com/en-US/DU,denisonuniversity,DU,,wd12,United States
Embry-Riddle Aeronautical University,erau.edu,university,workday,https://erau.edu/careers,embryriddle,External,,wd1,United States
Florida Institute of Technology,fit.edu,university,workday,https://www.fit.edu/employment/,floridatech,FloridaTechCareers,,wd5,United States
Furman University,furman.edu,university,workday,https://www.furman.edu/offices-services/human-resources/employment/,furman,Furman_Careers,,wd115,United States
Goucher College,goucher.edu,university,workday,https://www.goucher.edu/human-resources/employment-opportunities,goucher,Goucher_Careers,,wd1,United States
Grand Valley State University,gvsu.edu,university,workday,https://www.gvsu.edu/hro/jobs-at-grand-valley-state-university-1194.htm,gvsu,careers,,wd1,United States
Harvey Mudd College,hmc.edu,university,workday,https://www.hmc.edu/human-resources/employment-at-harvey-mudd/,theclaremontcolleges,HMC_Careers,,wd1,United States
Howard University,howard.edu,university,workday,https://hr.howard.edu/careers,howard,HU,,wd1,United States
Illinois State University,illinoisstate.edu,university,pageup,https://jobs.illinoisstate.edu/,,,,,United States
Kenyon College,kenyon.edu,university,pageup,https://www.kenyon.edu/offices-and-services/office-of-human-resources/job-opportunities/,,,,,United States
Kean College,kean.edu,university,workday,https://www.kean.edu/offices/human-resources/employment,kean,Kean,,wd503,United States
Le Moyne College,lemoyne.edu,university,workday,https://www.lemoyne.edu/student-advising-support/career-advising/,agilitas,LMC-GA,,wd503,United States
Louisiana State University,lsu.edu,university,workday,https://lsu.wd1.myworkdayjobs.com/LSU,lsu,LSU,,wd1,United States
Loyola College,loyola.edu,university,workday,https://www.loyola.edu/about/employment/,loyola,External,,wd5,United States
Metropolitan State College of Denver,msudenver.edu,university,workday,https://www.msudenver.edu/careers/,msudenver,MSUDenver,,wd1,United States
Metropolitan Community College (NE),mccneb.edu,university,workday,https://mccneb.wd5.myworkdayjobs.com/mccnebjobs,mccneb,mccnebjobs,,wd5,United States
Minnesota State University Moorhead,mnstate.edu,university,workday,https://mnstate.edu/jobs,minnstate,Minnesota_State_Careers,,wd115,United States
Loyola Marymount University,lmu.edu,university,workday,https://admin.lmu.edu/hr/employment/,lmu,Careers,,wd1,United States
Mount Holyoke College,mtholyoke.edu,university,workday,https://www.mtholyoke.edu/careers-mount-holyoke,mtholyoke,External,,wd5,United States
Montgomery College,montgomerycollege.edu,university,workday,https://www.montgomerycollege.edu/about-mc/careers/index.html,mc,external,,wd1,United States
National Radio Astronomy Observatory,nrao.edu,university,jobvite,https://info.nrao.edu/hr/careers,,,,,United States
New York University,nyu.edu,university,icims,https://www.nyu.edu/about/careers-at-nyu/administrators-and-staff.html,,,,,United States
Northern Arizona University,nau.edu,university,pageup,https://in.nau.edu/human-resources/current-job-openings/,,,,,United States
Oregon Health Sciences University,ohsu.edu,university,icims,https://www.ohsu.edu/human-resources?utm_source=careers&utm_medium=radio&utm_campaign=OPB,,,,,United States
Pensacola Christian College,pcci.edu,university,workday,https://www.pcci.edu/offices/employment/?utm_campaign=EmployeeServices&utm_source=LinkedIn&utm_medium=Post&utm_content=EmploymentOpportunities,pensacolachristian,ABS,,wd1,United States
Pensacola State College,pensacolastate.edu,university,workday,https://pensacolastate.edu/employment/,pensacolastate,PSC_Employment_Opportunities,,wd501,United States
Palm Beach State College,palmbeachstate.edu,university,workday,https://www.palmbeachstate.edu/employment/,palmbeachstate,external,,wd1,United States
Purdue University Fort Wayne,pfw.edu,university,successfactors,https://careers.purdue.edu/FW,,,,,United States
Purdue University,purdue.edu,university,successfactors,https://careers.purdue.edu/?_ga=2.42155557.127739172.1580081048-239083295.1530201546,,,,,United States
Pomona College,pomona.edu,university,workday,https://www.pomona.edu/administration/human-resources/employment,theclaremontcolleges,POM_Careers,,wd1,United States
Rhodes College,rhodes.edu,university,workday,https://www.rhodes.edu/employment,rhodes,Rhodes_Careers,,wd5,United States
Robert Morris University,rmu.edu,university,pageup,https://www.rmu.edu/about/hr,,,,,United States
Saginaw Valley State University,svsu.edu,university,workday,https://www.svsu.edu/hr/careers/,svsu,External,,wd503,United States
Saint Cloud State University,stcloudstate.edu,university,workday,https://www.stcloudstate.edu/humanresources/employment/default.aspx?utm_source=website&utm_medium=redirect,minnstate,Minnesota_State_Careers,,wd115,United States
Saint Mary's University of Minnesota,smumn.edu,university,icims,https://faculty-saintmarysuniversity.icims.com/jobs/search,,,,,United States
Salisbury University,salisbury.edu,university,workday,https://www.salisbury.edu/administration/administration-and-finance-offices/human-resources/careers/,marylandconnect,SU_Careers,,wd1,United States
Saint Joseph's University,sju.edu,university,workday,https://sju.wd1.myworkdayjobs.com/sju,sju,sju,,wd1,United States
Seattle Pacific University,spu.edu,university,workday,https://spu.edu/about-spu/employment-at-spu,spu,SPU,,wd12,United States
Santa Clara University,scu.edu,university,workday,https://www.scu.edu/hr/careers/,scu,scu,,wd1,United States
Saint Anselm College,anselm.edu,university,workday,https://anselm.wd1.myworkdayjobs.com/Anselm,anselm,Anselm,,wd1,United States
Southern Oregon State College,sou.edu,university,workday,https://sou.wd1.myworkdayjobs.com/Southern_Oregon_University,sou,Southern_Oregon_University,,wd1,United States
Academic medical center at State University of New York at Stony Brook,stonybrookmedicine.edu,university,taleo,https://www.stonybrookmedicine.edu/careers,,,,,United States
State University of New York at Albany,albany.edu,university,peoplesoft,https://www.albany.edu/human-resources,,,,,United States
State University of New York at Stony Brook,stonybrook.edu,university,taleo,https://www.stonybrook.edu/jobs/,,,,,United States
Southern Methodist University,smu.edu,university,taleo,https://www.smu.edu/businessfinance/hr/workingatsmu,,,,,United States
Towson University,towson.edu,university,taleo,https://www.towson.edu/hr/employment/?utm_source=redirect&utm_medium=print&utm_content=jobs,,,,,United States
University of Advancing Technology,uat.edu,university,bamboohr,https://uat.bamboohr.com/careers,,,uat,,United States
University of Arkansas - Little Rock,ualr.edu,university,workday,https://ualr.edu/careers/,uasys,UASYS,,wd5,United States
University of Arkansas - Monticello,uamont.edu,university,workday,https://uamont.edu/jobs/,uasys,UASYS,,wd5,United States
University of Chicago,uchicago.edu,university,workday,https://www.uchicago.edu/careers,,,,,United States
University of Alaska - Southeast,uas.alaska.edu,university,pageup,https://www.alaska.edu/hr/index.php?utm_campaign=redirect_deprecate&utm_source=apache&utm_medium=web,,,,,United States
University of Dayton,udayton.edu,university,pageup,https://udayton.edu/careers/,,,,,United States
University of Cincinnati,uc.edu,university,successfactors,https://jobs.uc.edu/,,,,,United States
University of Alaska - Fairbanks,uaf.edu,university,pageup,https://www.alaska.edu/hr/,,,,,United States
University of Alaska - Anchorage,uaa.alaska.edu,university,pageup,https://www.alaska.edu/hr/,,,,,United States
University of Louisville,louisville.edu,university,workday,https://louisville.edu/hr/employment/jobs/,uofl,UofLCareerSite,,wd1,United States
University of Kansas School of Medicine,kumc.edu,university,workday,https://www.kumc.edu/human-resources/careers.html,kumc,kumc-jobs,,wd5,United States
University of Massachusetts at Amherst,umass.edu,university,pageup,https://www.umass.edu/hr/careers,,,,,United States
University of Baltimore,ubalt.edu,university,workday,https://www.ubalt.edu/About/Offices-and-Services/Human-Resources/index.cfm,marylandconnect,UBaltCareers,,wd1,United States
"University of Nevada, Las Vegas",unlv.edu,university,workday,https://www.unlv.edu/jobs,nshe,UNLV-External,,wd1,United States
"University of Maryland, Baltimore County",umbc.edu,university,peoplesoft,https://hr.umbc.edu/,,,,,United States
University of New Orleans,uno.edu,university,workday,https://www.uno.edu/careers,ulsuno,UniversityOfNewOrleans,,wd1,United States
University of Northern Iowa,uni.edu,university,workday,https://careers.uni.edu/,uni,UNI,,wd5,United States
University of North Dakota,und.edu,university,peoplesoft,https://campus.und.edu/human-resources/careers/index.html,,,,,United States
University of Pittsburgh at Johnstown,upj.pitt.edu,university,taleo,https://www.johnstown.pitt.edu/about/administrative-offices/human-resources,,,,,United States
University of New Hampshire,unh.edu,university,workday,https://www.unh.edu/hr/careers,usnh,Careers,,wd5,United States
University of Houston,uh.edu,university,peoplesoft,https://www.uh.edu/human-resources/careers/,,,,,United States
University of South Carolina,sc.edu,university,peoplesoft,https://sc.edu/about/offices_and_divisions/career_center/index.php,,,,,United States
University of San Diego,sandiego.edu,university,pageup,https://www.sandiego.edu/jobs/,,,,,United States
University of Wisconsin - Green Bay,uwgb.edu,university,workday,https://www.uwgb.edu/jobs/,wisconsin,UW_Comprehensives,,wd1,United States
Anderson University,andersonuniversity.edu,university,workday,https://andersonuniversity.wd1.myworkdayjobs.com/AndersonUniversity,andersonuniversity,AndersonUniversity,,wd1,United States
University of Wisconsin - Oshkosh,uwosh.edu,university,workday,https://www.uwosh.edu/hr/careers/,wisconsin,UW_Comprehensives,,wd1,United States
University of Washington,uw.edu,university,workday,https://www.washington.edu/jobs/,uw,UWHires,,wd5,United States
University of Wisconsin - Milwaukee,uwm.edu,university,workday,https://uwm.edu/hr/jobs/,wisconsin,UW_Milwaukee,,wd1,United States
University of Wisconsin - Parkside,uwp.edu,university,workday,https://wisconsin.wd1.myworkdayjobs.com/UW_Comprehensives?primaryLocation=5adf054562b610142601980ec0580000,wisconsin,UW_Comprehensives,,wd1,United States
Walla Walla University,wallawalla.edu,university,peoplesoft,https://www.wallawalla.edu/human-resources/employment,,,,,United States
Washington State University,wsu.edu,university,workday,https://hrs.wsu.edu/careers/,wsu,WSU_Jobs,,wd5,United States
Valdosta State University,valdosta.edu,university,peoplesoft,https://careers.hprod.onehcm.usg.edu/psc/careers/?cmd=login&errorPg=ckreq&languageCd=ENG,,,,,United States
West Texas A&M University,wtamu.edu,university,workday,https://www.wtamu.edu/business-finance/human-resources/human-resources-employment.html,tamus,WTAMU_External,,wd1,United States
Western Washington University,wwu.edu,university,pageup,https://hr.wwu.edu/work-western,,,,,United States
Yeshiva University,yu.edu,university,pageup,https://www.yu.edu/hr/opportunities,,,,,United States
Woods Hole Oceanographic Institution,whoi.edu,university,workday,https://careers.whoi.edu/,whoi,WHOI-External,,wd5,United States
Wofford College,wofford.edu,university,workday,https://wofford.wd5.myworkdayjobs.com/Wofford,wofford,Wofford,,wd5,United States
Arkansas State University-Mountain Home,asumh.edu,university,taleo,https://phe.tbe.taleo.net/phe02/ats/careers/v2/jobSearch?act=redirectCwsV2&cws=58&org=ARKASTAT2,,,,,United States
Arkansas State University-Newport,asun.edu,university,taleo,https://www.asun.edu/careers/,,,,,United States
NorthWest Arkansas Community College,nwacc.edu,university,workday,https://nwacc.wd1.myworkdayjobs.com/NWACC_External_Career_Site,nwacc,NWACC_External_Career_Site,,wd1,United States
University of Arkansas Community College-Morrilton,uaccm.edu,university,workday,https://uaccm.edu/employment/,uasys,UASYS,,wd5,United States
University of Arkansas Community College-Batesville,uaccb.edu,university,workday,https://www.uaccb.edu/work-at-uaccb/,uasys,UASYS,,wd5,United States
Northeastern Junior College,njc.edu,university,icims,https://www.njc.edu/careers,,,,,United States
Hillsborough Community College,hccfl.edu,university,workday,https://www.hcfl.edu/academics/associate-science-degrees-and-certificates,hcfl,hcjobs,,wd1,United States
Georgia Highlands College,highlands.edu,university,peoplesoft,https://careers.hprod.onehcm.usg.edu/psc/careers/?cmd=login&errorPg=ckreq&languageCd=ENG,,,,,United States
Wiregrass Georgia Technical College,wiregrass.edu,university,taleo,https://wiregrass.edu/about/employment,,,,,United States
North Idaho College,nic.edu,university,pageup,https://careers.pageuppeople.com/1027/cw/en/listing,,,,,United States
College of Lake County,www.clcillinois.edu,university,workday,https://www.clcillinois.edu/aboutclc/jobs-at-clc,clc,External,,wd115,United States
Ivy Tech Community College,ivytech.edu,university,workday,https://www.ivytech.edu/careers,ivytech,Ivy_Tech_Careers,,wd1,United States
Louisiana State University-Eunice,lsue.edu,university,workday,https://lsue.edu/jobs/,lsu,LSU,,wd1,United States
Minneapolis Community and Technical College,minneapolis.edu,university,workday,https://minneapolis.edu/take-action/employment,minnstate,Minnesota_State_Careers,,wd115,United States
St Cloud Technical and Community College,sctcc.edu,university,workday,https://sctcc.edu/employment-opportunities,minnstate,Minnesota_State_Careers,,wd115,United States
Riverland Community College,riverland.edu,university,workday,https://www.riverland.edu/about-riverland/employment-opportunities/,minnstate,Minnesota_State_Careers,,wd115,United States
Northland Community and Technical College,northlandcollege.edu,university,workday,https://www.northlandcollege.edu/about/offices/human-resources/employment/,minnstate,Minnesota_State_Careers,,wd115,United States
Dakota County Technical College,dctc.edu,university,workday,https://www.dctc.edu/about-us/human-resources/employment-at-dctc/,minnstate,Minnesota_State_Careers,,wd115,United States
South Central College,southcentral.edu,university,workday,https://southcentral.edu/human-resources/human-resources-home,minnstate,Minnesota_State_Careers,,wd115,United States
Brookdale Community College,brookdalecc.edu,university,icims,https://www.brookdalecc.edu/academic-institutes-and-departments/business-social-sciences/history/careers-and-benefits-for-history-majors/,,,,,United States
Luna Community College,luna.edu,university,workday,https://chess.wd1.myworkdayjobs.com/LCCJobs,chess,LCCJobs,,wd1,United States
San Juan College,sanjuancollege.edu,university,workday,https://www.sanjuancollege.edu/careers/,chess,SJC,,wd1,United States
Central New Mexico Community College,cnm.edu,university,workday,https://www.cnm.edu/depts/hr/apply-for-jobs-at-cnm/apply-for-jobs,chess,CNMJOBS,,wd1,United States
Clovis Community College,clovis.edu,university,workday,https://www.clovis.edu/hr/,chess,CHESS,,wd1,United States
Bucks County Community College,bucks.edu,university,workday,https://www.bucks.edu/employment/,bucks,BCCC,,wd1,United States
Collin County Community College District,collin.edu,university,workday,https://collin.edu/hr/employment/,collin,ExternalFacultyCareerSite,,wd1,United States
Madison Area Technical College,madisoncollege.edu,university,workday,https://madisoncollege.edu/about/careers?utm_source=print&utm_medium=vanity-url&utm_campaign=careers,madisoncollege,jobsatMadisonCollege,,wd115,United States
Chippewa Valley Technical College,cvtc.edu,university,icims,https://www.cvtc.edu/about-cvtc,,,,,United States
Northcentral Technical College,ntc.edu,university,workday,https://www.ntc.edu/careers,ntc,NTC,,wd1,United States
Mid-State Technical College,mstc.edu,university,taleo,https://www.mstc.edu/about-us/careers,,,,,United States
Great Basin College,gbcnv.edu,university,workday,https://nshe.wd1.myworkdayjobs.com/GBC-external,nshe,GBC-external,,wd1,United States
Foothill-De Anza Community College District,fhda.edu,university,taleo,https://fhda.edu/jobs/,,,,,United States
Eastern Virginia Medical School,evms.edu,university,icims,https://www.odu.edu/virginia-health-sciences,,,,,United States
Western Nevada College,wnc.edu,university,workday,https://wnc.edu/human-resources/jobs.php,nshe,WNC-External,,wd1,United States
New York Medical College,nymc.edu,university,icims,https://www.nymc.edu/careers/,,,,,United States
California College of the Arts,cca.edu,university,workday,https://cca.edu/about/jobs/,cca,CCA,,wd5,United States
